prgId,menu_label,menuSeq
831J3K25VPD4SA3,MyPage,831J3K25VPD4SA3
831J3K25W474SA4,Default Group,831J3K25W474SA4
C000001,Acct. I,MENUTREE_000001
C000004,Inv. I,MENUTREE_000004
C000005,Acct. II,MENUTREE_000005
C000007,GW,MENUTREE_000007
C000008,User Customization,MENUTREE_000008
C000009,Setup,MENUTREE_000009
C000010,Fast Entry,MENUTREE_000010
C000011,Invoice,MENUTREE_000011
C000012,Cash,MENUTREE_000012
C000013,Non-Cash Transaction,MENUTREE_000013
C000014,Notes,MENUTREE_000014
C000015,Fixed Assets,MENUTREE_000015
C000016,Accounting Transaction Mgmt,MENUTREE_000016
C000017,Reports,MENUTREE_000017
C000021,Budget,MENUTREE_000021
C000029,Setup,MENUTREE_000029
C000030,Sales,MENUTREE_000030
C000031,Purchases,MENUTREE_000031
C000032,Production,MENUTREE_000032
C000033,Inv. Mov.,MENUTREE_000033
C000035,Reports,MENUTREE_000035
C000036,Costing,MENUTREE_000036
C000037,Exps.,MENUTREE_000037
C000038,Share,MENUTREE_000038
C000039,e-Approval,MENUTREE_000039
C000040,Work,MENUTREE_000040
C000042,CRM,MENUTREE_000042
C000044,Project,MENUTREE_000044
C000046,Cash In,MENUTREE_000080
C000047,Cash Out,MENUTREE_000081
C000048,Other Transaction,MENUTREE_000082
C000049,Fixed Asset Reports,MENUTREE_000094
C000050,Management Resource,MENUTREE_000115
C000051,Book,MENUTREE_000116
C000052,Others,MENUTREE_000117
C000053,Reports,MENUTREE_000118
C000062,Reports,MENUTREE_000137
C000071,Quotation,MENUTREE_000184
C000072,Sales Order,MENUTREE_000185
C000073,Sales,MENUTREE_000186
C000075,Purchase Request,MENUTREE_000189
C000076,Purchase Plan,MENUTREE_000190
C000077,Purchase Order,MENUTREE_000191
C000078,Purchases,MENUTREE_000192
C000080,BOM,MENUTREE_000195
C000081,Job Order,MENUTREE_000196
C000082,Goods Issued,MENUTREE_000197
C000083,Goods Receipt,MENUTREE_000198
C000084,INVOICING (O/E),MENUTREE_000199
C000086,Location Tran.,MENUTREE_000201
C000087,Internal Use,MENUTREE_000202
C000088,Product Defect,MENUTREE_000203
C000089,Inv. Adj.,MENUTREE_000204
C000091,After-Sales Service,MENUTREE_000206
C000092,Serial/Lot No.,MENUTREE_000208
C000093,Quality Control,MENUTREE_000209
C000094,Plan Mgmt,MENUTREE_000210
C000095,Sales,MENUTREE_000219
C000096,Purchases,MENUTREE_000220
C000097,Reports,MENUTREE_000225
C000098,Monthly Profit,MENUTREE_000226
C000099,Daily Profit,MENUTREE_000227
C000100,Register Expenses,MENUTREE_000229
C000101,Register Payments,MENUTREE_000230
C000102,Customs Clearance,MENUTREE_000231
C000103,Reports,MENUTREE_000233
C000106,Basic Information,MENUTREE_000253
C000107,Clock In/Out,MENUTREE_000260
C000111,Company Info Modification,MENUTREE_000272
C000113,Function Setup,MENUTREE_000274
C000114,User Setup,MENUTREE_000275
C000115,Others,MENUTREE_000276
C000120,Shipping Order,MENUTREE_000658
C000125,Receivable Management,MENUTREE_000684
C000126,Payable Management,MENUTREE_000689
C000127,Check Management,MENUTREE_000694
C000128,Received Check,MENUTREE_000734
C000129,Issued Check,MENUTREE_000735
C000131,Mgmt,MENUTREE_000748
C000132,Payroll,MENUTREE_000749
C000133,Time Mgmt,MENUTREE_000750
C000134,Setup,MENUTREE_000751
C000136,Manage Payroll,MENUTREE_000753
C000137,Reports,MENUTREE_000758
C000138,Shipping,MENUTREE_000774
C000140,Inv. II,MENUTREE_000783
C000646,RFQ,MENUTREE_001324
C000647,Financial Statements,MENUTREE_001353
C000648,Production/Outsourcing,MENUTREE_001365
C000649,Inv. Movement,MENUTREE_001366
C000650,Others,MENUTREE_001367
C000651,Order Mgmt,MENUTREE_001390
C000652,Export,MENUTREE_001395
C000653,Project Plan,MENUTREE_001426
C000654,Online Store Mgmt,MENUTREE_002571
C000655,Expenses,MENUTREE_001500
C000656,Setup,MENUTREE_001510
C000657,Cost List,MENUTREE_001520
C000658,Cost Status,MENUTREE_001530
C000659,Information,MENUTREE_001600
C000660,Configuration,MENUTREE_001601
C000661,Download,MENUTREE_001602
C000662,Communication Center,MENUTREE_001606
C000663,Communication Center,MENUTREE_001612
C000664,Setup,MENUTREE_002572
C000665,Order Mgmt,MENUTREE_002573
C000666,Contract,MENUTREE_001665
C000667,Invoicing,MENUTREE_001666
C000668,Contract,MENUTREE_001673
C000669,Estimated Invoice,MENUTREE_001677
C000685,Customer Portal,MENUTREE_001878
C000686,Webmail Settings,MENUTREE_001881
C000687,Inventory Balance,MENUTREE_001888
C000688,Repair Order,MENUTREE_001889
C000689,Register Repair,MENUTREE_001890
C000690,Reg. Serial/Lot No.,MENUTREE_001891
C000691,Inventory Adj. by Serial/Lot No.,MENUTREE_001892
C000692,Create Quality Insp. Request,MENUTREE_001893
C000693,Quality Inspection,MENUTREE_001894
C000694,Sales Forecast,MENUTREE_001895
C000698,Internal Management,MENUTREE_001899
C000699,Accounting Transaction List,MENUTREE_001905
C000700,Print Voucher,MENUTREE_001909
C000701,Setup,MENUTREE_001910
C000702,Time Mgmt,MENUTREE_001911
C000703,Note Receivable,MENUTREE_001918
C000704,Notes Payable,MENUTREE_001925
C000900,Security,MENUTREE_002952
C000904,WMS,MENUTREE_001959
C000905,Receipt Mgmt,MENUTREE_001967
C000906,Release Mgmt,MENUTREE_002464
C000910,Public Mail,MENUTREE_001980
C001001,HR,MENUTREE_002476
C001002,Assignment,MENUTREE_002477
C001003,HR Status,MENUTREE_002483
C001101,Day Laborer Payroll,MENUTREE_002489
C001102,Day Labor Setup,MENUTREE_002490
C001103,Day Labor Work Log,MENUTREE_002495
C001105,Manage Day Labor Payroll,MENUTREE_002500
C001122,Mapping Center,MENUTREE_002540
C001123,Survey,MENUTREE_002543
C001124,Default Setting,MENUTREE_002549
C001137,Bank Acct./Card,MENUTREE_002562
C001138,Security Setup,MENUTREE_002558
C001251,Process,MENUTREE_002703
C001252,Job,MENUTREE_002708
C001254,UserPay Settings,MENUTREE_002769
C001256,Billing Note,MENUTREE_002912
C001258,Withholding,MENUTREE_002929
C001260,Tax Withholding Type,MENUTREE_002934
C001261,Withholding Tax on Purchase,MENUTREE_002935
C001262,Withholding Tax on Sales,MENUTREE_002936
C001401,Data Center,MENUTREE_002776
C001402,Collect Data,MENUTREE_002777
C061101,e-Contract,MENUTREE_002588
C061103,e-Employment Contract,MENUTREE_002591
E000106,Company Information,MENUTREE_000636
E000107,Reg. User,MENUTREE_000640
E000109,Default Settings,MENUTREE_000647
E000113,Mgmt Report Email,MENUTREE_000638
E000114,Logo/Stamp,MENUTREE_000639
E000115,Authorization Group Settings,MENUTREE_000641
E000117,User Login History,MENUTREE_000644
E000125,API Authentication Key Issuance,MENUTREE_001534
E000126,C-Portal Group Settings,MENUTREE_001603
E000127,Add/Set up User ID,MENUTREE_001604
E000129,Ecount Excel Uploader,MENUTREE_000279
E000131,Awaiting for Permission Approval,MENUTREE_001768
E000132,Login History Monitoring,MENUTREE_001800
E000137,Webmail Settings,MENUTREE_001882
E000138,Webmail ID Settings,MENUTREE_001883
E000139,Convenience Function,MENUTREE_001947
E000140,File History,MENUTREE_002759
E000142,Security History Status,MENUTREE_002949
E000143,Administrator Settings,MENUTREE_002950
E000160,UserPay Group Settings,MENUTREE_002770
E000161,UserPay Settings,MENUTREE_002906
E010101,Customer/Vendor,MENUTREE_000170
E010103,Reg. Card,MENUTREE_000054
E010104,Reg. Bank Account,MENUTREE_000055
E010105,Department,MENUTREE_002773
E010106,Approval Line for Print (Acct.),MENUTREE_000058
E010107,Chart of Accounts,MENUTREE_000062
E010109,Merchant Account,MENUTREE_000059
E010110,PIC/Employee,MENUTREE_000177
E010111,Change Code,MENUTREE_000063
E010112,Project,MENUTREE_000173
E010114,Payment Agency,MENUTREE_000060
E010118,Reg. Add. Field Type,MENUTREE_000733
E010201,General Journal,MENUTREE_000067
E010207,PG Sales List,MENUTREE_002566
E010208,Bank Reconciliation,MENUTREE_001389
E010209,New Balance Adjustment,MENUTREE_001699
E010210,Balance Adjustment List,MENUTREE_001701
E010211,Bal. Count List,MENUTREE_001706
E010212,Bal. Adjustment Status,MENUTREE_001801
E010213,Auto Generate Voucher List,MENUTREE_001940
E010301,Sales Invoice I,MENUTREE_000076
E010303,Purchase Invoice I,MENUTREE_000078
E010401,From Employee,MENUTREE_000323
E010402,Receipt,MENUTREE_000329
E010403,Receipt Journal,MENUTREE_000069
E010404,Cash In - From Customer,MENUTREE_000324
E010405,From Merchant Account,MENUTREE_000325
E010406,Bank Loan,MENUTREE_000326
E010407,From Others,MENUTREE_000327
E010408,Payment Journal,MENUTREE_000068
E010409,Cash Out - To Vendor,MENUTREE_000330
E010410,To Employee,MENUTREE_000331
E010411,Bank Transfer,MENUTREE_000332
E010412,To Credit Card,MENUTREE_000333
E010413,Loan Repayment/Interest,MENUTREE_000334
E010414,To Others,MENUTREE_000335
E010501,Receipt,MENUTREE_000336
E010503,Others,MENUTREE_000084
E010504,Credit Card Receipt,MENUTREE_000337
E010505,S/A Journal,MENUTREE_000070
E010601,Increase of Note Receivable,MENUTREE_000085
E010602,Decrease of Note Receivable,MENUTREE_000086
E010603,Notes Endorsement,MENUTREE_000087
E010604,Increase of Notes Payable,MENUTREE_000088
E010605,Decrease of Notes Payable,MENUTREE_000089
E010609,Asset Type,MENUTREE_001625
E010610,Asset List,MENUTREE_000091
E010611,Asset Increase,MENUTREE_000092
E010612,Asset Decrease,MENUTREE_000093
E010613,Asset Book,MENUTREE_000339
E010614,Increase Asset List,MENUTREE_000340
E010615,Decrease Asset List,MENUTREE_000341
E010616,Depreciation,MENUTREE_000344
E010617,Asset Balance,MENUTREE_000342
E010618,Asset Variance Log,MENUTREE_000343
E010619,Asset Voucher List,MENUTREE_001626
E010621,Decrease of Note Receivable - Batch,MENUTREE_001919
E010622,Note Receivable List,MENUTREE_001920
E010623,Note Receivable Transactions,MENUTREE_001921
E010624,Increase of Note Receivable Balance,MENUTREE_001922
E010625,Decrease of Note Receivable Balance,MENUTREE_001923
E010626,Outstanding Notes Status,MENUTREE_001924
E010629,Decrease of Notes Payable - Batch,MENUTREE_001926
E010630,Note Payable List,MENUTREE_001927
E010631,Note Payable Transactions,MENUTREE_001928
E010632,Increase of Note Payable Balance,MENUTREE_001929
E010633,Decrease of Note Payable Balance,MENUTREE_001930
E010634,Notes Payable Status,MENUTREE_001931
E010701,Accounting Transaction List,MENUTREE_000098
E010702,Print Voucher,MENUTREE_000099
E010705,Update Balance for Accounting,MENUTREE_000114
E010710,Print Payment Journal,MENUTREE_000104
E010711,Print Receipt Journal,MENUTREE_000105
E010712,View Transaction History,MENUTREE_000095
E010714,Print Suspense Account Journal,MENUTREE_000106
E010730,Accounting vs. Inventory,MENUTREE_001533
E010801,Cash Book,MENUTREE_000113
E010802,Journal,MENUTREE_000363
E010803,Daily Trial Balance,MENUTREE_000364
E010804,Fund Statement,MENUTREE_000112
E010805,Cash Flow (Deposit and Withdrawal Details),MENUTREE_000111
E010807,LedgerⅠ,MENUTREE_000361
E010808,LedgerⅡ,MENUTREE_000360
E010809,LedgerⅢ,MENUTREE_001354
E010811,Compound Trial Balance,MENUTREE_000370
E010812,Income Statement,MENUTREE_000368
E010813,Balance Sheet,MENUTREE_000367
E010815,Fund In./De. Details,MENUTREE_000358
E010816,Schedule of Cost,MENUTREE_000369
E010817,Retained Earnings Statement,MENUTREE_001358
E010819,Monthly Income Statement,MENUTREE_000353
E010821,Management Report,MENUTREE_000357
E010822,AR/AP Aging,MENUTREE_000355
E010823,AR/AP Aging Details,MENUTREE_000356
E010824,Monthly Cost,MENUTREE_000354
E010829,Search Customer/Vendor Transactions,MENUTREE_001355
E010830,Cash Report,MENUTREE_000110
E010831,Currency Ledger,MENUTREE_000380
E010832,Statement of Operation,MENUTREE_001359
E010833,Customer/Vendor Book I,MENUTREE_001384
E010835,Payments Journal Sum.,MENUTREE_000377
E010836,Receipts Journal Sum.,MENUTREE_000378
E010840,S/A Journal Sum.,MENUTREE_000379
E010842,Customer/Vendor Book II,MENUTREE_001385
E010843,Accounting Summary,MENUTREE_000359
E010844,Chart of Accounts Status,MENUTREE_001357
E010847,Accounting Transaction Status,MENUTREE_001906
E010850,Custom Report,MENUTREE_001360
E010851,Message Log,MENUTREE_001613
E010856,Ledger IV,MENUTREE_001661
E010857,Account In./De. Details,MENUTREE_001710
E010858,Sent Doc. History,MENUTREE_002595
E010861,Statement of Cash Flows,MENUTREE_002897
E020105,Day Labor Employee,MENUTREE_002491
E020133,Day Labor Payroll Transfer Status,MENUTREE_002504
E020135,Day Labor Search Payroll by Employee,MENUTREE_002503
E020136,Day Labor Earnings,MENUTREE_002492
E020137,Day Labor Deduction,MENUTREE_002493
E020138,New Day Labor Work,MENUTREE_002499
E020139,Day Labor Payroll Book,MENUTREE_002498
E020201,Monthly Budget List,MENUTREE_000136
E020202,Budget Status,MENUTREE_000430
E020203,Budget vs. Actual,MENUTREE_000431
E020204,Budget Control Book,MENUTREE_000432
E020205,Budget-Actual Book,MENUTREE_001760
E020206,Controlled Budget vs. Actual,MENUTREE_001795
E020602,Assignment List,MENUTREE_002479
E020603,Employee Profile,MENUTREE_002478
E020606,General Certificate,MENUTREE_002485
E020609,Employee Status,MENUTREE_002487
E020701,Register Record Time,MENUTREE_000754
E020702,Register Paid Leave,MENUTREE_000755
E020703,Search Paid Leave by Employee,MENUTREE_001790
E020710,Record Time,MENUTREE_000756
E020711,Time List,MENUTREE_000757
E020715,Time Attendance Status,MENUTREE_001397
E020716,Remaining Paid Leave Days Status,MENUTREE_001398
E020719,Paid Leave Use Status,MENUTREE_001783
E020720,Assignment Status,MENUTREE_002516
E020721,New Assignment,MENUTREE_002519
E020722,Clock In/Out Status(Employee),MENUTREE_002457
E020723,Tardiness(Employee),MENUTREE_002458
E020724,Clock In/Out (Employee),MENUTREE_002459
E020725,Clock In/Out Application Criteria,MENUTREE_002455
E020726,Clock In/Out Record(Employee),MENUTREE_002456
E020728,Clock In/Out/Time Attendance Status (Employee),MENUTREE_002561
E020751,Day Labor Work List,MENUTREE_002532
E020752,Day Labor Work Status,MENUTREE_002533
E020753,Day Labor Payroll Status,MENUTREE_002534
E020754,Day Labor Confirm Work Status,MENUTREE_002547
E040102,Location,MENUTREE_000172
E040103,Item,MENUTREE_000174
E040104,Mgmt. Field,MENUTREE_000175
E040111,Approval Line for Print (Inv.),MENUTREE_000178
E040113,Change Code,MENUTREE_000183
E040114,Foreign Currency,MENUTREE_000182
E040120,Price Level Group by Customer/Vendor,MENUTREE_000485
E040122,Price by Item,MENUTREE_001404
E040124,Price Level Registration,MENUTREE_001620
E040125,Price Apply Order Settings,MENUTREE_002548
E040126,Price Mgmt,MENUTREE_000176
E040201,New Quotation,MENUTREE_000486
E040202,Quotation List,MENUTREE_000487
E040203,New Sales Order,MENUTREE_000488
E040204,Sales Order List,MENUTREE_000489
E040205,New Sales,MENUTREE_000490
E040206,Sales List,MENUTREE_000492
E040207,Sales Status,MENUTREE_000494
E040208,Quotation Status,MENUTREE_000495
E040209,Sales Order Status,MENUTREE_000496
E040210,Print Sales Slips,MENUTREE_000497
E040211,Outstanding Quote Status,MENUTREE_000498
E040212,Outstanding S/O Status,MENUTREE_000499
E040214,A/R by Customer,MENUTREE_000500
E040215,Collective Invoicing (Sales),MENUTREE_000187
E040216,Sales Discount Status,MENUTREE_000501
E040217,Receipt Status,MENUTREE_001680
E040220,New Shipping Order,MENUTREE_000659
E040221,Shipping Order List,MENUTREE_000660
E040222,Shipping Order Status,MENUTREE_000661
E040224,Change Sales Price-Batch,MENUTREE_000725
E040225,New Shipment,MENUTREE_000775
E040226,Shipment List,MENUTREE_000776
E040227,Shipment Status,MENUTREE_000777
E040228,Pending Shipment Status,MENUTREE_000779
E040230,Release Sales Order,MENUTREE_001647
E040301,New Purchase Order,MENUTREE_000508
E040302,Purchase Order List,MENUTREE_000509
E040303,New Purchases,MENUTREE_000510
E040304,Purchase List,MENUTREE_000511
E040305,Purchase Status,MENUTREE_000513
E040306,Purchase Order Status,MENUTREE_000515
E040307,Outstanding P/O Status,MENUTREE_000516
E040309,A/P by Vendor,MENUTREE_000517
E040310,Payment Status,MENUTREE_001682
E040311,Change Purchases Price-Batch,MENUTREE_001662
E040312,Collective Invoicing (Purchase),MENUTREE_000193
E040313,Purchase Discount Status,MENUTREE_000518
E040314,New Purchase Request,MENUTREE_000504
E040315,Purchase Request List,MENUTREE_000505
E040316,New Purchase Plan,MENUTREE_000506
E040317,Purchase Plan List,MENUTREE_000507
E040318,Purchase Request Status,MENUTREE_000514
E040319,Pre-Invoicing Status (Purchases),MENUTREE_000703
E040321,New RFQ,MENUTREE_001325
E040322,RFQ List,MENUTREE_001326
E040323,RFQ Progress Status,MENUTREE_001912
E040325,RFQ Status,MENUTREE_001913
E040401,BOM Design,MENUTREE_000520
E040402,BOM Design Status,MENUTREE_001952
E040403,Estimated BOM,MENUTREE_000521
E040404,New Goods Issued,MENUTREE_000524
E040405,Goods Issued List,MENUTREE_000525
E040406,Goods Receipt I,MENUTREE_000526
E040407,Goods Receipt II,MENUTREE_000527
E040408,Goods Receipt List,MENUTREE_000529
E040409,Goods Issued Status,MENUTREE_000533
E040410,Goods Receipt Status,MENUTREE_000534
E040411,New Job Order,MENUTREE_000522
E040412,Job Order List,MENUTREE_000523
E040413,Job Order Status,MENUTREE_000531
E040414,Progress Status by J/O,MENUTREE_000532
E040415,Goods Receipt/Consumed Status I,MENUTREE_000535
E040416,Goods Receipt III,MENUTREE_000528
E040418,Collective Invoicing (O/E),MENUTREE_000530
E040419,Discount on O/E Status,MENUTREE_000664
E040425,Reg. Process,MENUTREE_002704
E040426,Reg. Resource,MENUTREE_002705
E040427,BOR (Required Time),MENUTREE_002706
E040428,Calculate Required Time,MENUTREE_002707
E040429,Apply J/O to Job,MENUTREE_002709
E040430,New Job Record,MENUTREE_002710
E040431,Job Record List,MENUTREE_002711
E040432,Job Record Status,MENUTREE_002712
E040435,New Production Plan/MRP,MENUTREE_002762
E040436,Job Order Efficiency Status,MENUTREE_002884
E040501,New Location Tran.,MENUTREE_000539
E040502,Location Tran. List,MENUTREE_000540
E040503,New Internal Use,MENUTREE_000541
E040504,Internal Use List,MENUTREE_000542
E040505,Location Tran. Status,MENUTREE_000549
E040506,Internal Use Status,MENUTREE_000550
E040507,New Product Defect,MENUTREE_000543
E040508,Product Defect List,MENUTREE_000544
E040509,Product Defect Status,MENUTREE_000551
E040510,Disassemble Status,MENUTREE_000552
E040511,Disposal Status,MENUTREE_000553
E040512,Defect Rate Status,MENUTREE_000554
E040601,New Repair Order,MENUTREE_000557
E040602,Repair Order List,MENUTREE_000558
E040605,New Repair,MENUTREE_000559
E040606,Repair List,MENUTREE_000560
E040607,Update Balance for Inventory,MENUTREE_000222
E040608,Inv. Adjustment Status,MENUTREE_000556
E040609,Pre-Invoicing Status (Sales),MENUTREE_000502
E040610,Repair Order Status,MENUTREE_000561
E040611,Repair Status,MENUTREE_000562
E040613,Inv. Count List,MENUTREE_000546
E040614,Inventory Adj. List,MENUTREE_000548
E040615,Inv. Count Status,MENUTREE_000555
E040617,Reg. Serial/Lot No.,MENUTREE_000563
E040618,Serial/Lot No. Slip List,MENUTREE_000564
E040619,Serial/Lot No. Inv. Balance,MENUTREE_000566
E040620,Serial/Lot No. Inv. Book,MENUTREE_000565
E040621,New Quality Inspection,MENUTREE_000738
E040622,Quality Inspection List,MENUTREE_000739
E040623,Quality Inspection Status,MENUTREE_000741
E040624,Sales Forecast Input Screen,MENUTREE_000570
E040625,Sales Forecast List,MENUTREE_000571
E040626,Sales vs. Sales Forecast,MENUTREE_000572
E040627,All-In-One I,MENUTREE_000663
E040628,New Quality Insp. Request,MENUTREE_000736
E040629,Quality Insp. Request List,MENUTREE_000737
E040630,Quality Insp. Request Status,MENUTREE_000740
E040631,Uninspected Status,MENUTREE_000742
E040632,New QC Insp. Type,MENUTREE_000744
E040633,All-in-One II,MENUTREE_001318
E040634,Inventory Adj. by Serial/Lot No.,MENUTREE_001338
E040636,Project Plan List,MENUTREE_001429
E040637,Plan vs. Actual Project Status,MENUTREE_001430
E040639,Serial/Lot No. Status,MENUTREE_001436
E040640,Sales Forecast Status,MENUTREE_002460
E040641,A/S Consumption Status,MENUTREE_002520
E040650,Inv. Adj. Process Status,MENUTREE_001437
E040701,Inventory Balance,MENUTREE_000212
E040702,Inv. Book,MENUTREE_000215
E040703,AR/AP Status,MENUTREE_001383
E040704,Management Report,MENUTREE_000223
E040708,Daily Report,MENUTREE_000218
E040709,Status Grand Total,MENUTREE_001793
E040710,Summary,MENUTREE_000224
E040711,Inv. Balance by Location,MENUTREE_000213
E040713,Monthly Receivable Change Details,MENUTREE_001386
E040714,Monthly Payable Fluctuation,MENUTREE_001387
E040716,View Transaction History,MENUTREE_000211
E040719,Inventory Change History,MENUTREE_001713
E040720,Inv. Balance by Multi Spec.,MENUTREE_001796
E040721,Receivable Status,MENUTREE_001901
E040722,Payable Status,MENUTREE_001902
E040723,Customer/Vendor Book I (AR),MENUTREE_001903
E040724,Customer/Vendor Book I (AP),MENUTREE_001904
E040725,Sales/Purchases Summary,MENUTREE_002462
E040726,Inv. balance converted by BOM,MENUTREE_002537
E040727,Inventory Aging Details,MENUTREE_002775
E040728,Inv. Balance by Item Relation,MENUTREE_002879
E040730,Proof Center,MENUTREE_002886
E040802,New Costing,MENUTREE_000590
E040804,Actual Cost Status,MENUTREE_000591
E040805,Monthly Profit Status,MENUTREE_000592
E040806,Daily Profit Status,MENUTREE_001382
E040807,Daily Costing Status,MENUTREE_002898
E040808,Standard Cost Status,MENUTREE_000665
E040809,Variance Analysis,MENUTREE_000666
E040819,Price Change History,MENUTREE_001627
E040901,Reg. Order Mgmt Process,MENUTREE_001391
E040904,Order Mgmt Status,MENUTREE_001393
E040905,Invoice / Packing List,MENUTREE_001396
E040907,Invoice/Packing List Status,MENUTREE_002765
E041003,Online Store Mgmt/Register Item Settings,MENUTREE_002575
E041004,Link to Online Store Item Code,MENUTREE_002576
E041005,Order Mgmt Status,MENUTREE_002577
E041006,Order Confirmation,MENUTREE_002578
E041007,Delivery,MENUTREE_002583
E041008,Cancel,MENUTREE_002579
E041009,Return,MENUTREE_002580
E041010,Exchange,MENUTREE_002581
E041011,ERP Transmission,MENUTREE_002582
E041015,Purchase Plan Status,MENUTREE_002764
E041018,Item vs. Serial/Lot No. Balance,MENUTREE_002766
E060201,Import Tracking No.,MENUTREE_000228
E060202,Import Expenses,MENUTREE_000595
E060203,Log Misc. Expenses,MENUTREE_000596
E060204,Purchase Invoice,MENUTREE_000597
E060205,To Vendor,MENUTREE_000598
E060206,To Customs Broker,MENUTREE_000599
E060207,Update Account,MENUTREE_000600
E060208,Trade Voucher List,MENUTREE_000232
E060209,Import Status,MENUTREE_000601
E060210,Expenses Type,MENUTREE_002449
E060402,New Receivable Payment,MENUTREE_000686
E060403,Receivable List,MENUTREE_000687
E060404,Receivable Status,MENUTREE_000688
E060405,Receivable Transaction Details,MENUTREE_000716
E060406,Registered Receivable Status,MENUTREE_000717
E060407,Receivable Payment Status,MENUTREE_000718
E060408,AR Aging Details,MENUTREE_001314
E060502,New Payable Payment,MENUTREE_000691
E060503,Payable List,MENUTREE_000692
E060504,Payable Status,MENUTREE_000693
E060505,Payable Transaction Details,MENUTREE_000719
E060506,Registered Payable Status,MENUTREE_000720
E060507,Payable Payment Status,MENUTREE_000721
E060508,AP Aging Details,MENUTREE_001315
E060602,New RCVD. Check Payment,MENUTREE_000696
E060603,Checks Received List,MENUTREE_000697
E060604,Checks Received Status,MENUTREE_000698
E060606,New Issued Check Clearance,MENUTREE_000700
E060607,Checks Issued List,MENUTREE_000701
E060608,Checks Issued Status,MENUTREE_000702
E060609,Checks Received Status Report,MENUTREE_001750
E060610,Decrease of Received Checks Balance,MENUTREE_001751
E060611,Increase of Issued Checks Balance,MENUTREE_001752
E060612,Decrease of Issued Checks Balance,MENUTREE_001753
E060613,Received Check Transactions,MENUTREE_001941
E060614,Issued Check Transactions,MENUTREE_001942
E060808,Reg. Control Type,MENUTREE_001513
E060809,Reg. Cost,MENUTREE_001514
E060810,Reg. Cost Group,MENUTREE_001515
E060811,Reg. Cost-Batch,MENUTREE_001797
E060812,Cost Details,MENUTREE_001798
E060813,Search Cost Details,MENUTREE_001799
E060814,Invoicing by Slip (Expense),MENUTREE_001885
E060815,Cost Details Status,MENUTREE_001884
E060901,Contract Item,MENUTREE_001671
E060902,New Contract,MENUTREE_001674
E060903,Contract List,MENUTREE_001675
E060904,Change Contract Price/Qty-Batch,MENUTREE_001676
E060905,Create Estimated Invoice,MENUTREE_001678
E060906,Collective apply to Acct./Sales,MENUTREE_001679
E060907,Print Estimated Invoice,MENUTREE_001668
E060908,Pre-Invoicing Status(Contracts),MENUTREE_001667
E060909,Outstanding Estimated Invoice Status,MENUTREE_001670
E060912,Contract Status,MENUTREE_001725
E061101,Contract Progress,MENUTREE_002589
E061102,Contract Status,MENUTREE_002590
E061103,Employment Contract Progress,MENUTREE_002592
E061104,Employment Contract Status,MENUTREE_002593
E061201,Billing Note List,MENUTREE_002913
E061203,Billing Note Status,MENUTREE_002914
E061301,Reg. Withholding Tax Type,MENUTREE_002930
E061302,Withholding Tax on Purchase List,MENUTREE_002931
E061303,New Withholding Tax on Purchase,MENUTREE_002932
E061304,Withholding Tax on Purchase Status,MENUTREE_002933
E061308,New Withholding Tax on Sales,MENUTREE_002937
E061309,Withholding Tax on Sales List,MENUTREE_002938
E061310,Withholding Tax on Sales Status,MENUTREE_002939
E070103,Compose Draft,MENUTREE_000246
E070105,Track Request,MENUTREE_000247
E070107,Create Template,MENUTREE_000627
E070108,All Submissions,MENUTREE_000248
E070109,Approval Settings,MENUTREE_000249
E070201,Schedule,MENUTREE_000238
E070202,Contacts,MENUTREE_000240
E070203,Search by Condition,MENUTREE_000242
E070204,Office Equipment,MENUTREE_000239
E070205,Recent Posts,MENUTREE_000245
E070252,Anonymous Board,MENUTREE_001327
E070254,Outside Duty List,MENUTREE_001765
E070255,Outside Duty Status,MENUTREE_001767
E070256,New Survey,MENUTREE_002544
E070257,Survey List,MENUTREE_002545
E070258,Survey Status,MENUTREE_002546
E070302,Business Contact,MENUTREE_000256
E070304,Worksheet,MENUTREE_000258
E070305,Clock In/Out Record (ID),MENUTREE_000259
E070306,Clock In/Out Status (ID),MENUTREE_000632
E070307,Tardiness (ID),MENUTREE_000633
E070309,Daily Time Sheet (ID),MENUTREE_000635
E070315,Clock In-Out/Time Mgmt/Schedule (ID),MENUTREE_001956
E071501,업무관리게시판,MENUTREE_002188
E072501,게시판,MENUTREE_002087
E074500,Projects,MENUTREE_002649
E075501,고객관리게시판,MENUTREE_002289
E077000,All Folders,MENUTREE_001973
E077001,Inbox,MENUTREE_001974
E077002,Sent Mail,MENUTREE_001975
E077003,Read Receipt Status,MENUTREE_001976
E077004,Temporary Storage Box (SB),MENUTREE_001977
E077005,Spam Folder,MENUTREE_001978
E077006,Deleted Folder,MENUTREE_001979
E077007,Compose,MENUTREE_001981
E077008,Default Folders,MENUTREE_001982
E077100,ECDrive,MENUTREE_002714
E090101,Register Employee,MENUTREE_000760
E090102,Approval Line for Print (Manage),MENUTREE_000765
E090103,Earnings,MENUTREE_000763
E090104,Earnings/Deductions Groups,MENUTREE_000764
E090106,Payroll Book,MENUTREE_000767
E090110,Search Payroll by Employee,MENUTREE_000771
E090114,Deductions,MENUTREE_001949
E090115,Payroll Status,MENUTREE_001950
E090116,Confirm Work Status,MENUTREE_001951
E090174,WMS Inventory Adjustment,MENUTREE_002468
E090178,Inventory History Mgmt,MENUTREE_002470
E090180,Scheduled Receipt,MENUTREE_001968
E090181,Process Receipt,MENUTREE_001969
E090182,Scheduled Release,MENUTREE_002465
E090184,Process Release,MENUTREE_002466
E090195,WMS Inventory Balance,MENUTREE_002469
E090196,New (Decrease),MENUTREE_002467
E090199,New (Increase),MENUTREE_001970
E090215,Select WMS Account,MENUTREE_001966
E090216,Warehouse Mgmt,MENUTREE_001958
E090220,Org. Chart Status,MENUTREE_002717
E090222,Reg. Org. Chart,MENUTREE_002761
E090230,Scheduled Release Status,MENUTREE_002763
E090231,Scheduled Receipt Status,MENUTREE_002768
E100000,Register Collected Data,MENUTREE_002778
E101001,Collect Sales Slip,MENUTREE_002779
E101049,Collect Quotation,MENUTREE_002827
E101050,Collect Purchase Order,MENUTREE_002828
E101501,Collected Data,MENUTREE_002829
E200062,Notice,MENUTREE_002036
E200064,Task Management,MENUTREE_002037
E200162,Work,MENUTREE_002136
E200319,Sales Activity Management,MENUTREE_002238
E200321,Consultation History Management,MENUTREE_002239
E200419,Site Schedule,MENUTREE_002599
E200421,SW Development Schedule Management,MENUTREE_002600
N000007,Customer/Vendor AR Book,MENUTREE_003166
N000008,Customer/Vendor AR Book Print,MENUTREE_003167
N000012,Customer/Vendor AP Book,MENUTREE_003168
N000013,Print Customer/Vendor AP Summary Book,MENUTREE_003169
N000045,Customer/Vendor AR Summary Book,MENUTREE_003170
N000046,Customer/Vendor AP Summary Book,MENUTREE_003171
N000116,Sales Invoice List,MENUTREE_003214
N000117,Sales Invoice List (Inv.),MENUTREE_003215
N000118,Sales Invoice Status,MENUTREE_003218
N000119,Sales Invoice Status (Inv.),MENUTREE_003219
N000120,Sales Invoice Status (Contract),MENUTREE_003221
N000121,Sales Summary,MENUTREE_003222
N000122,Sales/Purchase Book,MENUTREE_003223
N000124,Purchase Invoice List,MENUTREE_003225
N000125,Purchase Invoice List,MENUTREE_003226
N000126,Purchase Invoice Status,MENUTREE_003230
N000127,Purchase Invoice Status (Inv.),MENUTREE_003231
N000128,Purchase Summary,MENUTREE_003234
P000053,Data Management,MENUTREE_002527
P000054,Backup and Delete,MENUTREE_002528
P000055,Reset Data,MENUTREE_002559
P000063,Set Org. Chart,MENUTREE_002760
